[{"type":"row","layout":"66","settings":{"bg_color":"#f02222","bg_image":"images/powered_by.png","text_color":"#ffffff","xs_hidden":0,"ms_hidden":0,"md_hidden":0,"bg_repeat":"no-repeat","bg_img_size":"cover","bg_position":"contain","custom_class":"","fluidrow":0,"margin":"","padding":"","hidden_md":0,"hidden_sm":0,"hidden_xs":0,"link_hover_color":"","link_color":"","background_position":"0 0","background_attachment":"fixed","background_size":"cover","background_repeat":"no-repeat","background_image":"","color":"","background_color":"","name":"Top Bar"},"attr":[{"type":"sp_col","className":"layout-column col-sm-6","settings":{"md_hidden":0,"ms_hidden":0,"xs_hidden":0,"sortableitem":"[object Object]","custom_class":"","name":"top1","column_type":0}},{"type":"sp_col","className":"layout-column col-sm-6","settings":{"custom_class":"vina-top2","md_hidden":0,"ms_hidden":0,"xs_hidden":0,"name":"top2","sortableitem":"[object Object]","column_type":0,"hidden_xs":0,"hidden_sm":0,"hidden_md":0,"sm_col":"","xs_col":""}}]},{"type":"row","layout":"39","settings":{"custom_class":"","fluidrow":0,"margin":"","padding":"","hidden_md":0,"hidden_sm":0,"hidden_xs":0,"link_hover_color":"","link_color":"","background_image":"","color":"","background_color":"","name":"Header"},"attr":[{"type":"sp_col","className":"layout-column col-sm-3","settings":{"sortableitem":"[object Object]","md_hidden":0,"ms_hidden":0,"xs_hidden":0,"custom_class":"","xs_col":"","sm_col":"","hidden_md":0,"hidden_sm":0,"hidden_xs":0,"name":"logo","column_type":0}},{"type":"sp_col","className":"layout-column col-sm-9","settings":{"sortableitem":"[object Object]","custom_class":"","md_hidden":0,"ms_hidden":0,"xs_hidden":0,"name":"header-right","hidden_xs":0,"hidden_sm":0,"hidden_md":0,"sm_col":"","xs_col":"","column_type":0}}]},{"type":"row","layout":"39","settings":{"name":"Category Menu","background_color":"","color":"","background_image":"","link_color":"","link_hover_color":"","hidden_xs":0,"hidden_sm":0,"hidden_md":0,"padding":"","margin":"","fluidrow":0,"custom_class":""},"attr":[{"type":"sp_col","className":"layout-column col-sm-3","settings":{"name":"category-shop-2","hidden_xs":0,"hidden_sm":0,"hidden_md":0,"sm_col":"","xs_col":"","custom_class":"","sortableitem":"[object Object]","column_type":0}},{"type":"sp_col","className":"layout-column col-sm-9","settings":{"name":"menu","hidden_xs":0,"hidden_sm":0,"hidden_md":0,"sm_col":"","xs_col":"","custom_class":"","column_type":0}}]},{"type":"row","layout":12,"settings":{"name":"Breadcrumbs","background_color":"","color":"","background_image":"","link_color":"","link_hover_color":"","hidden_xs":0,"hidden_sm":0,"hidden_md":0,"padding":"","margin":"","fluidrow":0,"custom_class":""},"attr":[{"type":"sp_col","className":"layout-column col-sm-12","settings":{"column_type":0,"name":"breadcrumb","hidden_xs":0,"hidden_sm":0,"hidden_md":0,"sm_col":"","xs_col":"","custom_class":""}}]},{"type":"row","layout":12,"settings":{"name":"Slide","background_color":"","color":"","background_image":"","link_color":"","link_hover_color":"","hidden_xs":0,"hidden_sm":0,"hidden_md":0,"padding":"","margin":"","fluidrow":1,"custom_class":""},"attr":[{"type":"sp_col","className":"layout-column col-sm-12","settings":{"name":"home3-feature","hidden_xs":0,"hidden_sm":0,"hidden_md":0,"sm_col":"","xs_col":"","custom_class":"","column_type":0,"sortableitem":"[object Object]"}}]},{"type":"row","layout":"39","settings":{"name":"Banner","background_color":"","color":"","background_image":"","link_color":"","link_hover_color":"","hidden_xs":0,"hidden_sm":0,"hidden_md":0,"padding":"","margin":"30px 0px","fluidrow":0,"custom_class":""},"attr":[{"type":"sp_col","className":"layout-column col-sm-3","settings":{"sortableitem":"[object Object]","column_type":0,"name":"home3-banner-1","hidden_xs":0,"hidden_sm":0,"hidden_md":0,"sm_col":"","xs_col":"","custom_class":""}},{"type":"sp_col","className":"layout-column col-sm-9","settings":{"column_type":0,"name":"home3-banner-2","hidden_xs":0,"hidden_sm":0,"hidden_md":0,"sm_col":"","xs_col":"","custom_class":""}}]},{"type":"row","layout":"363","settings":{"bg_color":"","bg_image":"","text_color":"","xs_hidden":0,"ms_hidden":0,"md_hidden":0,"custom_class":"","link_hover_color":"","link_color":"","name":"Main Body"},"attr":[{"type":"sp_col","className":"layout-column col-sm-3","settings":{"sortableitem":"[object Object]","custom_class":"custom-class","md_hidden":0,"ms_hidden":0,"xs_hidden":0,"name":"left-shop2","column_type":0,"hidden_xs":0,"hidden_sm":0,"hidden_md":0,"sm_col":"","xs_col":""}},{"type":"sp_col","className":"layout-column col-sm-6","settings":{"sortableitem":"[object Object]","xs_hidden":0,"ms_hidden":0,"md_hidden":0,"custom_class":"","name":"","column_type":1}},{"type":"sp_col","className":"layout-column col-sm-3","settings":{"sortableitem":"[object Object]","name":"right","xs_hidden":0,"ms_hidden":0,"md_hidden":0,"custom_class":"class2","column_type":0}}]},{"type":"row","layout":"66","settings":{"name":"Special Product","background_color":"","color":"","background_image":"","link_color":"","link_hover_color":"","hidden_xs":0,"hidden_sm":0,"hidden_md":0,"padding":"","margin":"0px 0px 30px","fluidrow":0,"custom_class":""},"attr":[{"type":"sp_col","className":"layout-column col-sm-6","settings":{"sortableitem":"[object Object]","column_type":0,"name":"home3-special","hidden_xs":0,"hidden_sm":0,"hidden_md":0,"sm_col":"","xs_col":"","custom_class":""}},{"type":"sp_col","className":"layout-column col-sm-6","settings":{"column_type":0,"name":"home3-featured","hidden_xs":0,"hidden_sm":0,"hidden_md":0,"sm_col":"","xs_col":"","custom_class":""}}]},{"type":"row","layout":"39","settings":{"name":"main-home3","background_color":"","color":"","background_image":"","link_color":"","link_hover_color":"","hidden_xs":0,"hidden_sm":0,"hidden_md":0,"padding":"","margin":"","fluidrow":0,"custom_class":""},"attr":[{"type":"sp_col","className":"layout-column col-sm-3","settings":{"sortableitem":"[object Object]","column_type":0,"name":"home3-left","hidden_xs":0,"hidden_sm":0,"hidden_md":0,"sm_col":"","xs_col":"","custom_class":""}},{"type":"sp_col","className":"layout-column col-sm-9","settings":{"column_type":0,"name":"home3-component","hidden_xs":0,"hidden_sm":0,"hidden_md":0,"sm_col":"","xs_col":"","custom_class":""}}]},{"type":"row","layout":12,"settings":{"name":"Banner 3","background_color":"","color":"","background_image":"","link_color":"","link_hover_color":"","hidden_xs":0,"hidden_sm":0,"hidden_md":0,"padding":"","margin":"30px 0px","fluidrow":0,"custom_class":""},"attr":[{"type":"sp_col","className":"layout-column col-sm-12","settings":{"column_type":0,"name":"home3-banner-3","hidden_xs":0,"hidden_sm":0,"hidden_md":0,"sm_col":"","xs_col":"","custom_class":""}}]},{"type":"row","layout":"3333","settings":{"name":"Main 2 Home3","background_color":"","color":"","background_image":"","link_color":"","link_hover_color":"","hidden_xs":0,"hidden_sm":0,"hidden_md":0,"padding":"","margin":"","fluidrow":0,"custom_class":""},"attr":[{"type":"sp_col","className":"layout-column col-sm-3","settings":{"column_type":0,"name":"home3-latest-news","hidden_xs":0,"hidden_sm":0,"hidden_md":0,"sm_col":"","xs_col":"","custom_class":"","sortableitem":"[object Object]"}},{"type":"sp_col","className":"layout-column col-sm-3","settings":{"column_type":0,"name":"home3-clients","hidden_xs":0,"hidden_sm":0,"hidden_md":0,"sm_col":"","xs_col":"","custom_class":"","sortableitem":"[object Object]"}},{"type":"sp_col","className":"layout-column col-sm-3","settings":{"column_type":0,"name":"home3-mostviewed","hidden_xs":0,"hidden_sm":0,"hidden_md":0,"sm_col":"","xs_col":"","custom_class":""}},{"type":"sp_col","className":"layout-column col-sm-3","settings":{"column_type":0,"name":"home3-hot-sale","hidden_xs":0,"hidden_sm":0,"hidden_md":0,"sm_col":"","xs_col":"","custom_class":""}}]},{"type":"row","layout":12,"settings":{"name":"Top Category","background_color":"","color":"","background_image":"","link_color":"","link_hover_color":"","hidden_xs":0,"hidden_sm":0,"hidden_md":0,"padding":"","margin":"30px 0px","fluidrow":0,"custom_class":""},"attr":[{"type":"sp_col","className":"layout-column col-sm-12 column-active","settings":{"custom_class":"","xs_col":"","sm_col":"","hidden_md":0,"hidden_sm":0,"hidden_xs":0,"name":"home3-top-category","column_type":0,"sortableitem":"[object Object]"}}]},{"type":"row","layout":12,"settings":{"name":"Vina Popular Brand","background_color":"","color":"","background_image":"","link_color":"","link_hover_color":"","hidden_xs":0,"hidden_sm":0,"hidden_md":0,"padding":"","margin":"","fluidrow":0,"custom_class":""},"attr":[{"type":"sp_col","className":"layout-column col-sm-12","settings":{"column_type":0,"name":"popular-brand","hidden_xs":0,"hidden_sm":0,"hidden_md":0,"sm_col":"","xs_col":"","custom_class":""}}]},{"type":"row","layout":"39","settings":{"name":"Newsletter Social","background_color":"#404048","color":"","background_image":"","link_color":"","link_hover_color":"","hidden_xs":0,"hidden_sm":0,"hidden_md":0,"padding":"15px 0px","margin":"","fluidrow":0,"custom_class":""},"attr":[{"type":"sp_col","className":"layout-column col-sm-9","settings":{"column_type":0,"name":"newsletter","hidden_xs":0,"hidden_sm":0,"hidden_md":0,"sm_col":"","xs_col":"","custom_class":""}},{"type":"sp_col","className":"layout-column col-sm-3","settings":{"column_type":0,"name":"social","hidden_xs":0,"hidden_sm":0,"hidden_md":0,"sm_col":"","xs_col":"","custom_class":"","sortableitem":"[object Object]"}}]},{"type":"row","layout":"3333","settings":{"custom_class":"","fluidrow":0,"margin":"","padding":"30px 0px","hidden_md":0,"hidden_sm":0,"hidden_xs":0,"link_hover_color":"","link_color":"","background_image":"","color":"","background_color":"#eaeaea","name":"Bottom"},"attr":[{"type":"sp_col","className":"layout-column col-sm-3","settings":{"sortableitem":"[object Object]","custom_class":"","xs_col":"","sm_col":"col-sm-6","hidden_md":0,"hidden_sm":0,"hidden_xs":0,"name":"bottom1","column_type":0}},{"type":"sp_col","className":"layout-column col-sm-3","settings":{"name":"home3-bottom2","hidden_xs":0,"hidden_sm":0,"hidden_md":0,"sm_col":"col-sm-6","xs_col":"","custom_class":"","column_type":0}},{"type":"sp_col","className":"layout-column col-sm-3","settings":{"name":"bottom3","hidden_xs":0,"hidden_sm":0,"hidden_md":0,"sm_col":"col-sm-6","xs_col":"","custom_class":"","column_type":0}},{"type":"sp_col","className":"layout-column col-sm-3","settings":{"name":"bottom4","hidden_xs":0,"hidden_sm":0,"hidden_md":0,"sm_col":"col-sm-6","xs_col":"","custom_class":"","column_type":0}}]},{"type":"row","layout":"66","settings":{"name":"Footer","bg_color":"","bg_image":"","text_color":"","link_color":"","link_hover_color":"","xs_hidden":0,"ms_hidden":0,"md_hidden":0,"custom_class":"","background_color":"#e1e1e1","color":"#666666","background_image":"","hidden_xs":0,"hidden_sm":0,"hidden_md":0,"padding":"30px 0px","margin":"","fluidrow":0},"attr":[{"type":"sp_col","className":"layout-column col-sm-6","settings":{"custom_class":"","md_hidden":0,"ms_hidden":0,"xs_hidden":0,"name":"footer1","hidden_xs":0,"hidden_sm":0,"hidden_md":0,"sm_col":"","xs_col":"","column_type":0,"sortableitem":"[object Object]"}},{"type":"sp_col","className":"layout-column col-sm-6","settings":{"column_type":0,"name":"footer2","hidden_xs":0,"hidden_sm":0,"hidden_md":0,"sm_col":"","xs_col":"","custom_class":""}}]}]